{"inputs":[{"internalType":"uint256","name":"_rewardRate","type":"uint256"},{"internalType":"contract IBEP20","name":"_rewardToken","type":"address"},{"internalType":"contract IBEP20","name":"_lpToken","type":"address"},{"internalType":"contract IBEP20","name":"_lpQuoteToken","type":"address"},{"internalType":"contract PriceFeedRouter","name":"_router","type":"address"},{"internalType":"uint256","name":"_min","type":"uint256"}],"name":"add","outputs":[],"stateMutability":"nonpayable","type":"function"}