{"inputs":[{"internalType":"address","name":"_nftContract","type":"address"},{"internalType":"uint256","name":"_id","type":"uint256"},{"internalType":"uint256","name":"_amount","type":"uint256"},{"internalType":"uint256","name":"_rateStart","type":"uint256"},{"internalType":"uint256","name":"_rateEnd","type":"uint256"},{"internalType":"uint256","name":"_step","type":"uint256"},{"internalType":"string","name":"session","type":"string"}],"name":"addReward","outputs":[],"stateMutability":"nonpayable","type":"function"}