{"anonymous":false,"inputs":[{"indexed":true,"internalType":"address","name":"affer","type":"address"},{"indexed":true,"internalType":"address","name":"sender","type":"address"},{"indexed":true,"internalType":"uint256","name":"affPackageTimes","type":"uint256"},{"indexed":false,"internalType":"uint256","name":"amount","type":"uint256"},{"indexed":false,"internalType":"uint256","name":"packageID","type":"uint256"},{"indexed":false,"internalType":"uint256","name":"timestamp","type":"uint256"}],"name":"AffBought","type":"event"}