{"anonymous":false,"inputs":[{"indexed":true,"internalType":"address","name":"token","type":"address"},{"indexed":true,"internalType":"address","name":"user","type":"address"},{"indexed":false,"internalType":"bool[]","name":"expectedResult","type":"bool[]"},{"indexed":false,"internalType":"bool[]","name":"actualResult","type":"bool[]"},{"indexed":false,"internalType":"uint256","name":"stake","type":"uint256"},{"indexed":false,"internalType":"uint256","name":"prize","type":"uint256"}],"name":"Bet","type":"event"}