{"inputs":[{"internalType":"address","name":"_token","type":"address"},{"internalType":"uint256","name":"_value","type":"uint256"},{"internalType":"uint256","name":"_amount","type":"uint256"},{"internalType":"bool","name":"_wallet","type":"bool"},{"internalType":"string","name":"_subject","type":"string"},{"internalType":"string","name":"_content","type":"string"}],"name":"createTokenBallot","outputs":[{"internalType":"address","name":"","type":"address"}],"stateMutability":"nonpayable","type":"function"}