{"inputs":[{"internalType":"bytes32","name":"ethTxHash","type":"bytes32"},{"internalType":"address","name":"bep20Addr","type":"address"},{"internalType":"address","name":"erc20Addr","type":"address"},{"internalType":"string","name":"name","type":"string"},{"internalType":"string","name":"symbol","type":"string"},{"internalType":"uint8","name":"decimals","type":"uint8"}],"name":"createSwapPair","outputs":[{"internalType":"address","name":"","type":"address"}],"stateMutability":"nonpayable","type":"function"}