{"inputs":[{"internalType":"address","name":"_spender","type":"address"},{"internalType":"uint256","name":"_subtractedValue","type":"uint256"},{"internalType":"uint256","name":"_fee","type":"uint256"},{"internalType":"uint256","name":"_nonce","type":"uint256"},{"internalType":"uint8","name":"v","type":"uint8"},{"internalType":"bytes32","name":"r","type":"bytes32"},{"internalType":"bytes32","name":"s","type":"bytes32"}],"name":"decreaseApprovalPreSigned","outputs":[{"internalType":"bool","name":"","type":"bool"}],"stateMutability":"nonpayable","type":"function"}