{"anonymous":false,"inputs":[{"indexed":true,"internalType":"address","name":"addr","type":"address"},{"indexed":false,"internalType":"uint256","name":"t","type":"uint256"},{"indexed":false,"internalType":"uint256","name":"u","type":"uint256"},{"indexed":false,"internalType":"uint256","name":"newS","type":"uint256"},{"indexed":false,"internalType":"uint256","name":"balancedT","type":"uint256"},{"indexed":false,"internalType":"uint256","name":"balancedU","type":"uint256"}],"name":"Deposit","type":"event"}