{"anonymous":false,"inputs":[{"indexed":false,"internalType":"uint256","name":"maxTxAmount","type":"uint256"},{"indexed":false,"internalType":"uint256","name":"tokenSwapThreshold","type":"uint256"},{"indexed":false,"internalType":"uint256","name":"minimumBuyForPotEligibility","type":"uint256"},{"indexed":false,"internalType":"uint256","name":"tokensToAddOneSecond","type":"uint256"},{"indexed":false,"internalType":"uint256","name":"maxTimeLeft","type":"uint256"},{"indexed":false,"internalType":"uint256","name":"potFeeExtraTimeLeftThreshold","type":"uint256"},{"indexed":false,"internalType":"uint256","name":"eliglblePlayers","type":"uint256"},{"indexed":false,"internalType":"uint256","name":"potPayoutPercent","type":"uint256"},{"indexed":false,"internalType":"uint256","name":"lastBuyerPayoutPercent","type":"uint256"}],"name":"GameSettingsUpdated","type":"event"}