{"inputs":[{"internalType":"contract IERC20","name":"_ttUSD","type":"address"},{"internalType":"contract IERC20","name":"_tuk","type":"address"},{"internalType":"contract IERC20","name":"_ticket","type":"address"},{"internalType":"uint256","name":"_sampleSpace","type":"uint256"},{"internalType":"address","name":"_gachaRewardAddress","type":"address"},{"internalType":"address","name":"_randomAddress","type":"address"},{"internalType":"address","name":"_ownerAddress","type":"address"},{"internalType":"address","name":"_feeAddress","type":"address"},{"internalType":"address","name":"_nftOwnerAddress","type":"address"}],"name":"initialize","outputs":[],"stateMutability":"nonpayable","type":"function"}