{"inputs":[{"internalType":"address","name":"owner_","type":"address"},{"internalType":"string","name":"name_","type":"string"},{"internalType":"string","name":"symbol_","type":"string"},{"internalType":"uint256","name":"totalSupply_","type":"uint256"},{"internalType":"address","name":"rewardToken_","type":"address"},{"internalType":"address","name":"router_","type":"address"},{"internalType":"address","name":"marketingWallet_","type":"address"},{"internalType":"uint256","name":"tokenRewardsFee_","type":"uint256"},{"internalType":"uint256","name":"liquidityFee_","type":"uint256"},{"internalType":"uint256","name":"marketingFee_","type":"uint256"},{"internalType":"uint256","name":"minimumTokenBalanceForDividends_","type":"uint256"}],"name":"initialize","outputs":[],"stateMutability":"nonpayable","type":"function"}