{"constant":false,"inputs":[{"internalType":"address","name":"underlying_","type":"address"},{"internalType":"contract ComptrollerInterface","name":"comptroller_","type":"address"},{"internalType":"contract InterestRateModel","name":"interestRateModel_","type":"address"},{"internalType":"uint256","name":"initialExchangeRateMantissa_","type":"uint256"},{"internalType":"string","name":"name_","type":"string"},{"internalType":"string","name":"symbol_","type":"string"},{"internalType":"uint8","name":"decimals_","type":"uint8"}],"name":"initialize","outputs":[],"payable":false,"stateMutability":"nonpayable","type":"function"}