{"inputs":[{"internalType":"address","name":"maintainer","type":"address"},{"internalType":"address","name":"baseTokenAddress","type":"address"},{"internalType":"address","name":"quoteTokenAddress","type":"address"},{"internalType":"uint256","name":"lpFeeRate","type":"uint256"},{"internalType":"address","name":"mtFeeRateModel","type":"address"},{"internalType":"uint256","name":"i","type":"uint256"},{"internalType":"uint256","name":"k","type":"uint256"},{"internalType":"bool","name":"isOpenTWAP","type":"bool"}],"name":"init","outputs":[],"stateMutability":"nonpayable","type":"function"}