{"inputs":[{"internalType":"address","name":"account","type":"address"},{"components":[{"internalType":"uint256","name":"symbolId","type":"uint256"},{"internalType":"uint256","name":"timestamp","type":"uint256"},{"internalType":"uint256","name":"price","type":"uint256"},{"internalType":"uint8","name":"v","type":"uint8"},{"internalType":"bytes32","name":"r","type":"bytes32"},{"internalType":"bytes32","name":"s","type":"bytes32"}],"internalType":"struct IPerpetualPoolLite.SignedPrice[]","name":"prices","type":"tuple[]"}],"name":"liquidate","outputs":[],"stateMutability":"nonpayable","type":"function"}