{"inputs":[{"internalType":"address","name":"token","type":"address"},{"internalType":"bool","name":"isShort","type":"bool"},{"internalType":"uint256","name":"amount","type":"uint256"},{"internalType":"uint256","name":"minimalSwapAmount","type":"uint256"},{"internalType":"uint256","name":"leverageScaled","type":"uint256"},{"internalType":"uint32","name":"validBefore","type":"uint32"},{"internalType":"uint32","name":"takeProfitPercent","type":"uint32"},{"internalType":"uint32","name":"stopLossPercent","type":"uint32"}],"name":"openLimitOrder","outputs":[],"stateMutability":"nonpayable","type":"function"}