{"anonymous":false,"inputs":[{"indexed":true,"internalType":"uint256","name":"poolId","type":"uint256"},{"indexed":true,"internalType":"address","name":"rewardToken","type":"address"},{"indexed":true,"internalType":"address","name":"account","type":"address"},{"indexed":false,"internalType":"uint256","name":"pendingReward","type":"uint256"},{"indexed":false,"internalType":"uint256","name":"rebaseAmount","type":"uint256"},{"indexed":false,"internalType":"uint256","name":"paidReward","type":"uint256"}],"name":"PayRewardPool","type":"event"}