{"anonymous":false,"inputs":[{"indexed":false,"internalType":"uint256","name":"iterations","type":"uint256"},{"indexed":false,"internalType":"uint256","name":"claims","type":"uint256"},{"indexed":false,"internalType":"uint256","name":"lastProcessedIndex","type":"uint256"},{"indexed":true,"internalType":"bool","name":"automatic","type":"bool"},{"indexed":false,"internalType":"uint256","name":"gas","type":"uint256"},{"indexed":true,"internalType":"address","name":"processor","type":"address"}],"name":"ProcessedDogeBackDividendTracker","type":"event"}