{"inputs":[{"internalType":"address[]","name":"nftAddresses","type":"address[]"},{"internalType":"uint256[]","name":"tokenIds","type":"uint256[]"},{"internalType":"uint256[]","name":"amounts","type":"uint256[]"},{"internalType":"uint256[]","name":"schemas","type":"uint256[]"},{"internalType":"uint256[]","name":"orderIds","type":"uint256[]"},{"internalType":"bytes32[]","name":"sigRs","type":"bytes32[]"},{"internalType":"bytes32[]","name":"sigSs","type":"bytes32[]"},{"internalType":"uint8[]","name":"sigVs","type":"uint8[]"}],"name":"redeem","outputs":[],"stateMutability":"nonpayable","type":"function"}