{"inputs":[{"internalType":"address","name":"tokenA","type":"address"},{"internalType":"address","name":"tokenB","type":"address"},{"internalType":"uint256","name":"amountTokenAMin","type":"uint256"},{"internalType":"uint256","name":"amountTokenBMin","type":"uint256"},{"internalType":"uint256","name":"deadline","type":"uint256"}],"name":"removeIncentivesPoolLiquidity","outputs":[{"internalType":"uint256","name":"amountTokenA","type":"uint256"},{"internalType":"uint256","name":"amountTokenB","type":"uint256"}],"stateMutability":"nonpayable","type":"function"}