{"inputs":[{"internalType":"uint256","name":"_pid","type":"uint256"},{"internalType":"uint256","name":"_allocPoint","type":"uint256"},{"internalType":"uint16","name":"_depositFeeBP","type":"uint16"},{"internalType":"bool","name":"_withUpdate","type":"bool"},{"internalType":"uint256[]","name":"_denominations","type":"uint256[]"},{"internalType":"address[]","name":"_anonymousTrees","type":"address[]"},{"internalType":"address[]","name":"_paths","type":"address[]"}],"name":"set","outputs":[],"stateMutability":"nonpayable","type":"function"}