{"inputs":[{"internalType":"uint256[]","name":"setfee","type":"uint256[]"},{"internalType":"uint256[]","name":"bonus","type":"uint256[]"},{"internalType":"uint256","name":"maxTxPercent","type":"uint256"},{"internalType":"uint256","name":"SellLimitPercent","type":"uint256"},{"internalType":"uint256","name":"minContractbalance","type":"uint256"},{"internalType":"uint256","name":"minHoldPercent","type":"uint256"},{"internalType":"uint256","name":"divStockInterval","type":"uint256"},{"internalType":"uint256","name":"minDivStock","type":"uint256"}],"name":"setBonusConfig","outputs":[],"stateMutability":"nonpayable","type":"function"}