{"anonymous":false,"inputs":[{"indexed":true,"internalType":"address","name":"winner","type":"address"},{"indexed":false,"internalType":"uint256","name":"prize","type":"uint256"},{"indexed":true,"internalType":"address","name":"playToTheMoon","type":"address"},{"indexed":false,"internalType":"uint256","name":"playToTheMoonAmount","type":"uint256"},{"indexed":false,"internalType":"address","name":"prizeLocker","type":"address"},{"indexed":false,"internalType":"uint256","name":"prizeLockupBlock","type":"uint256"}],"name":"TransferPrize","type":"event"}