{"anonymous":false,"inputs":[{"indexed":false,"internalType":"uint256","name":"pool","type":"uint256"},{"indexed":false,"internalType":"address","name":"lp","type":"address"},{"indexed":false,"internalType":"uint256","name":"totalPower","type":"uint256"},{"indexed":true,"internalType":"address","name":"owner","type":"address"},{"indexed":false,"internalType":"uint256","name":"ownerInvitePower","type":"uint256"},{"indexed":false,"internalType":"uint256","name":"ownerPledgePower","type":"uint256"},{"indexed":true,"internalType":"address","name":"upper1","type":"address"},{"indexed":false,"internalType":"uint256","name":"upper1InvitePower","type":"uint256"},{"indexed":true,"internalType":"address","name":"upper2","type":"address"},{"indexed":false,"internalType":"uint256","name":"upper2InvitePower","type":"uint256"}],"name":"UpdatePower","type":"event"}