{"anonymous":false,"inputs":[{"indexed":true,"internalType":"address","name":"player","type":"address"},{"indexed":true,"internalType":"address","name":"tokenAddress","type":"address"},{"indexed":false,"internalType":"uint256","name":"deposit","type":"uint256"},{"indexed":false,"internalType":"uint256","name":"amountToBurn","type":"uint256"},{"indexed":false,"internalType":"uint256","name":"amountToSave","type":"uint256"},{"indexed":false,"internalType":"uint256","name":"burned","type":"uint256"},{"indexed":false,"internalType":"uint256","name":"net","type":"uint256"}],"name":"Withdraw","type":"event"}