{"inputs":[{"internalType":"address","name":"_from","type":"address"},{"internalType":"uint256","name":"amount","type":"uint256"},{"internalType":"address","name":"_toToken","type":"address"},{"internalType":"uint256","name":"_minTokensRec","type":"uint256"},{"internalType":"uint8","name":"dexId","type":"uint8"},{"internalType":"uint256","name":"_approvalAmount","type":"uint256"},{"internalType":"uint256","name":"_deadline","type":"uint256"},{"internalType":"uint8","name":"v","type":"uint8"},{"internalType":"bytes32","name":"r","type":"bytes32"},{"internalType":"bytes32","name":"s","type":"bytes32"}],"name":"zapOutWithPermit","outputs":[{"internalType":"uint256","name":"","type":"uint256"}],"stateMutability":"nonpayable","type":"function"}